<handler-chains xmlns="http://java.sun.com/xml/ns/javaee">
    <!-- 
         A handler chain defines which handlers are called.
         
         The handlers are called in the order of declaration for outbound messages, and 
         in the reverse order for inbound messages.
         
         Individual handlers can be commented/uncommented to exclude/include them in the chain.
         
         Additional handlers can be added.
         
         The same handler can be specified multiple times, for example,
         to log the message at the beginning and at the end of the chain.
    -->
	<handler-chain>
        <!-- 
            Print the message context properties (scope,key,value)
            that are made available by the JAX-WS runtime to the handlers.
        -->
        <!--handler>
            <handler-class>example.ws.handler.MessageContextHandler</handler-class>
        </handler-->

        <!--
            Write a custom SOAP header to an outbound message;
            read the custom header from the inbound message 
        -->
        <!--handler>
            <handler-class>example.ws.handler.HeaderHandler</handler-class>
        </handler-->

        <!-- 
            Print the endpoint address.
        -->
        <handler>
            <handler-class>example.ws.handler.EndpointAddressHandler</handler-class>
        </handler>

        <!-- 
            Print the SOAP message direction and contents. 
        -->
        <!--handler>
            <handler-class>example.ws.handler.LogHandler</handler-class>
        </handler-->

        <!-- 
            Print the SOAP message with added indentation for easier reading.
        -->
        <handler>
            <handler-class>example.ws.handler.PrettyLogHandler</handler-class>
        </handler>

	</handler-chain>
</handler-chains>
