<?xml version="1.0" encoding="UTF-8" standalone="yes"?>

<handler-chains xmlns="http://java.sun.com/xml/ns/javaee">
    <handler-chain>
        <!--handler>
            <handler-class>example.ws.handler.MessageContextHandler</handler-class>
        </handler-->
        <!--handler>
            <handler-class>example.ws.handler.HeaderHandler</handler-class>
        </handler-->
        <handler>
            <handler-class>example.ws.handler.LoggingHandler</handler-class>
        </handler>
    </handler-chain>
</handler-chains>
